<?xml version="1.0" encoding="UTF-8" standalone="yes"?>
<addon id="plugin.program.applauncher" name="App Launcher" version="0.7.1" provider-name="Benjamin Hebgen (Takezo36)">
    <requires>
        <import addon="xbmc.python" version="2.24.0" />
        <import addon="script.module.simplejson" version="3.3.0"/>
        <import addon="script.module.ewmh" version="0.1.6"/>
        <import addon="script.common.plugin.cache" version="2.5.10"/>
    </requires>
    
    <extension point="xbmc.python.pluginsource" library="plugin.py">
	<provides>executable</provides>
    </extension>
    <extension point="xbmc.addon.metadata">
        <summary lang="en">app launcher for os apps</summary>
        <description lang="en">app launcher showing app structure provided by the OS. Meaning Startmenu in Windows or .desktop files in linux</description>
        <platform>all</platform>
        <license>GNU GENERAL PUBLIC LICENSE Version 2.1, February 1999</license>
        <source>https://github.com/Takezo36/applauncherkodi</source>
    </extension>
</addon>
